{
    "Mercury": 4.789e3,
    "Venus": 1.2104e4,
    "Earth": 1.2756e4,
    "Mars": 6.792e3,
    "Ceres": 9.394e2,
    "Jupiter": 1.42984e5,
    "Saturn": 1.20536e5,
    "Uranus": 5.1118e4,
    "Neptune": 4.9528e4,
    "Pluto": 2.376e3
}