{
    "Mercury": 0.3870982121841597,
    "Venus": 0.723326927479651,
    "Earth": 1.000448828934185,
    "Mars": 1.523678992938855,
    "Ceres": 2.766496024300087,
    "Jupiter": 5.204336211826348,
    "Saturn": 9.581929200478722,
    "Uranus": 19.23015708640139,
    "Neptune": 30.10077825423618,
    "Pluto": 39.57126152242962
}